{
  "groups": {
    "pages": {
      "x": -657.361559071503,
      "y": -42.18062135521589
    },
    "data": {
      "x": 681.0565863825808,
      "y": 0
    },
    "editor-views": {
      "x": -360.8386492539512,
      "y": 505.8146011564295
    },
    "editor-parts": {
      "x": 153.19536679718465,
      "y": 502.9554354795565
    },
    "api": {
      "x": 394.3045728967842,
      "y": 395.14894684312054
    },
    "build": {
      "x": -37.747652877586475,
      "y": -321.23052926553424
    }
  },
  "edges": {}
}
